controller_label,seed0,episode_id,max_R
normal,1000,240,0.1984491509533162
normal,1000,241,0.5031004409778165
normal,1000,242,0.4888284569380004
normal,1000,243,0.2967731853069537
normal,1000,244,0.4368721619136422
normal,1000,245,0.544864666127428
normal,1000,246,0.4465419798554728
normal,1000,247,0.0993463033836818
normal,1000,248,0.4472288033269277
normal,1000,249,0.4405658535304253
normal,1000,250,0.2802446179905938
normal,1000,251,0.4351264114985732
normal,1000,252,0.4241378008206833
normal,1000,253,0.1523565820446055
normal,1000,254,0.1530709580013591
normal,1000,255,0.1783063643661962
normal,1000,256,0.3310584446813342
normal,1000,257,0.4897878273296574
normal,1000,258,0.5169206252401778
normal,1000,259,0.2356918262026823
normal,1000,260,0.225660945108528
normal,1000,261,0.4493625921286233
normal,1000,262,0.5401050158794528
normal,1000,263,0.4171971473359659
normal,1000,264,0.2044757533139952
normal,1000,265,0.4353076590147845
normal,1000,266,0.4283921482250289
normal,1000,267,0.441849467205383
normal,1000,268,0.4663443363539999
normal,1000,269,0.4566078436312378
normal,1000,270,0.5137947733514606
normal,1000,271,0.4689783560234814
normal,1000,272,0.1991400347565061
normal,1000,273,0.2397413029963942
normal,1000,274,0.439802547031769
normal,1000,275,0.4516530091193182
normal,1000,276,0.169293554116568
normal,1000,277,0.4585707065224896
normal,1000,278,0.1327309128158598
normal,1000,279,0.4784931424894907
normal,1000,280,0.4420473160178084
normal,1000,281,0.1535413303786525
normal,1000,282,0.5312060291297671
normal,1000,283,0.468634672471318
normal,1000,284,0.1530709580013591
normal,1000,285,0.3665255933076515
normal,1000,286,0.2348354241159606
normal,1000,287,0.4493151396112255
normal,1000,288,0.4905159106861334
normal,1000,289,0.1627395264945652
normal,1000,290,0.4318659382591805
normal,1000,291,0.4590545325844742
normal,1000,292,0.4348298456210275
normal,1000,293,0.4633571249931581
normal,1000,294,0.1327309128158598
normal,1000,295,0.5275134789486265
normal,1000,296,0.5478611032689803
normal,1000,297,0.1878201102151355
normal,1000,298,0.4320851932634942
normal,1000,299,0.4087406490325305
normal,1000,300,0.4088318439219274
normal,1000,301,0.276435242263287
normal,1000,302,0.3413152610237596
normal,1000,303,0.4667527922364213
normal,1000,304,0.4883194543762295
normal,1000,305,0.5045451864905006
normal,1000,306,0.2259238456410022
normal,1000,307,0.4841130817454251
normal,1000,308,0.4362828888385833
normal,1000,309,0.4100420934412352
normal,1000,310,0.4387071516240495
normal,1000,311,0.1913412356564208
normal,1000,312,0.4959660099598712
normal,1000,313,0.5546722877361447
normal,1000,314,0.4526867279793493
normal,1000,315,0.2558936110877972
normal,1000,316,0.4710977096867361
normal,1000,317,0.1813619949425628
normal,1000,318,0.4940360644648545
normal,1000,319,0.4439597009997169
normal,1000,320,0.4972351067669811
normal,1000,321,0.4468034204255786
normal,1000,322,0.456969035318602
normal,1000,323,0.4575721926066748
normal,1000,324,0.4404375493605548
normal,1000,325,0.4306837790380723
normal,1000,326,0.3009941820727005
normal,1000,327,0.4435187960806937
normal,1000,328,0.4026827131324672
normal,1000,329,0.2489850526497383
normal,1000,330,0.4465293042935467
normal,1000,331,0.1571652129504696
normal,1000,332,0.1530709580013591
normal,1000,333,0.4391015528262047
normal,1000,334,0.2107458248424456
normal,1000,335,0.2051544542880256
normal,1000,336,0.4287351119743776
normal,1000,337,0.307875170538927
normal,1000,338,0.4333066447053038
normal,1000,339,0.4478251265322383
normal,1000,340,0.4048764056647067
normal,1000,341,0.0950333913759428
normal,1000,342,0.4362875132919465
normal,1000,343,0.5097611976512119
normal,1000,344,0.4121841286389625
normal,1000,345,0.4221930180314579
normal,1000,346,0.4290841617397903
normal,1000,347,0.0993166389293176
normal,1000,348,0.2389025680293674
normal,1000,349,0.4444648285206021
normal,1000,350,0.536634297670928
normal,1000,351,0.4967492360833129
normal,1000,352,0.4376380557585684
normal,1000,353,0.4506051417773322
normal,1000,354,0.5001106788867113
normal,1000,355,0.2134980805640934
normal,1000,356,0.4773108293955853
normal,1000,357,0.4943187983938911
normal,1000,358,0.4812854344717478
normal,1000,359,0.2009191337765439
normal,1000,360,0.4754734228034483
normal,1000,361,0.4666023003270124
normal,1000,362,0.486364343998545
normal,1000,363,0.4827302758239314
normal,1000,364,0.4271540936595994
normal,1000,365,0.2879483826399409
normal,1000,366,0.4363685248055925
normal,1000,367,0.423395245483647
normal,1000,368,0.4475991983267841
normal,1000,369,0.42531903267949
normal,1000,370,0.4325620263703021
normal,1000,371,0.4419168852691428
normal,1000,372,0.3990968012260532
normal,1000,373,0.4353416600507473
normal,1000,374,0.4309657200577985
normal,1000,375,0.181698473308417
normal,1000,376,0.4014215994510365
normal,1000,377,0.3856471544981666
normal,1000,378,0.3375553951316889
normal,1000,379,0.4298563542955967
normal,1000,380,0.3466520747760232
normal,1000,381,0.2801735779435009
normal,1000,382,0.1758304850412767
normal,1000,383,0.4213053000808462
normal,1000,384,0.4565364416687633
normal,1000,385,0.4438063450084592
normal,1000,386,0.1530709580013591
normal,1000,387,0.4255282750459825
normal,1000,388,0.2024920764809072
normal,1000,389,0.4430600484699516
normal,1000,390,0.4207956065111872
normal,1000,391,0.4110121322178563
normal,1000,392,0.4603240308055697
normal,1000,393,0.4560237333421451
normal,1000,394,0.1839473924546473
normal,1000,395,0.365789998131647
normal,1000,396,0.0972674012986412
normal,1000,397,0.0915863625207323
normal,1000,398,0.5100427616483739
normal,1000,399,0.4836869436058698
normal,1000,400,0.3043504634503238
normal,1000,401,0.1782199550194793
normal,1000,402,0.4068726881443232
normal,1000,403,0.5041047042801724
normal,1000,404,0.4376843297789978
normal,1000,405,0.4287472444573476
normal,1000,406,0.1881842294840006
normal,1000,407,0.3795082912394099
normal,1000,408,0.4234161949632818
normal,1000,409,0.4599645616426201
normal,1000,410,0.501596965139514
normal,1000,411,0.5030899370427252
normal,1000,412,0.4560898451338099
normal,1000,413,0.4699578206720027
normal,1000,414,0.1530709580013591
normal,1000,415,0.4054394135636717
normal,1000,416,0.4769647885592957
normal,1000,417,0.2207278716251294
normal,1000,418,0.4981222918558003
normal,1000,419,0.4680618515277381
normal,1000,420,0.4264079328312468
normal,1000,421,0.4295047063943138
normal,1000,422,0.3645079649194145
normal,1000,423,0.3332116495721085
normal,1000,424,0.4880522916759631
normal,1000,425,0.1839525069130309
normal,1000,426,0.4464279204145314
normal,1000,427,0.2361555416244895
normal,1000,428,0.5244728591636675
normal,1000,429,0.4533159972290588
normal,1000,430,0.4645277530958089
normal,1000,431,0.2137829670443634
normal,1000,432,0.2311532633420336
normal,1000,433,0.461399157162377
normal,1000,434,0.4411227743012885
normal,1000,435,0.4571359896258431
normal,1000,436,0.4957781961118076
normal,1000,437,0.4890833623781844
normal,1000,438,0.1530709580013591
normal,1000,439,0.5057040030202737
normal,1000,440,0.1709122836446642
normal,1000,441,0.2588192780376145
normal,1000,442,0.4449650536451418
normal,1000,443,0.4469195855683005
normal,1000,444,0.5271170582553931
normal,1000,445,0.4461533817982888
normal,1000,446,0.4414740995788681
normal,1000,447,0.3947089980856329
normal,1000,448,0.5376138515086168
normal,1000,449,0.1535413303786525
normal,1000,450,0.1554709580013591
normal,1000,451,0.0992754487805559
normal,1000,452,0.3323329362454405
normal,1000,453,0.4212843278950953
normal,1000,454,0.4457985426716939
normal,1000,455,0.4016581516594584
normal,1000,456,0.0983370201761667
normal,1000,457,0.2468568629437819
normal,1000,458,0.4581140740870564
normal,1000,459,0.5183154745205479
normal,1000,460,0.4841886317851328
normal,1000,461,0.4238911648139181
normal,1000,462,0.4319152317289373
normal,1000,463,0.4892507000619196
normal,1000,464,0.17108256163414
normal,1000,465,0.4081808888176225
normal,1000,466,0.3014203094969341
normal,1000,467,0.4451830867305833
normal,1000,468,0.4398464038375467
normal,1000,469,0.2326454232233016
normal,1000,470,0.4433889903960279
normal,1000,471,0.4015698154723003
normal,1000,472,0.4450514483579678
normal,1000,473,0.1475652129504696
normal,1000,474,0.4427714745938208
normal,1000,475,0.4403979121694532
normal,1000,476,0.4653950379819336
normal,1000,477,0.4957805257928789
normal,1000,478,0.4404901767050721
normal,1000,479,0.4584039743671042
normal,1000,480,0.1530709580013591
normal,1000,481,0.4470031820599352
normal,1000,482,0.1626121688555223
normal,1000,483,0.4425263468182141
normal,1000,484,0.4515332357164599
normal,1000,485,0.5272956328872006
normal,1000,486,0.157870958001359
normal,1000,487,0.5132854885754676
normal,1000,488,0.4233825521022781
normal,1000,489,0.4644284633792154
normal,1000,490,0.4653835901197933
normal,1000,491,0.4912002154054361
normal,1000,492,0.4375435138528295
normal,1000,493,0.5624783286293217
normal,1000,494,0.5715531414630154
normal,1000,495,0.0969426315784916
normal,1000,496,0.517741136323972
normal,1000,497,0.4316847054040611
normal,1000,498,0.1929577186727155
normal,1000,499,0.1956646806215502
normal,1000,500,0.4447942847434624
normal,1000,501,0.4485755393944492
normal,1000,502,0.4499289835959493
normal,1000,503,0.5137748402048521
normal,1000,504,0.4232933855786994
normal,1000,505,0.2094348420928425
normal,1000,506,0.4436376838044218
normal,1000,507,0.4088328360405656
normal,1000,508,0.1981183322669377
normal,1000,509,0.0993426315784916
normal,1000,510,0.4347410521535476
normal,1000,511,0.3923366182063265
normal,1000,512,0.2553196793564231
normal,1000,513,0.0969166389293176
normal,1000,514,0.4436972330154719
normal,1000,515,0.2135859877874085
normal,1000,516,0.1980243120503635
normal,1000,517,0.4504219263073905
normal,1000,518,0.4771782898329573
normal,1000,519,0.4229089335893933
normal,1000,520,0.4283949141258225
normal,1000,521,0.4916464753032527
normal,1000,522,0.4368767641738744
normal,1000,523,0.2490785240297612
normal,1000,524,0.2235151897369513
normal,1000,525,0.3995458035109584
normal,1000,526,0.4523970457353135
normal,1000,527,0.4295660630588971
normal,1000,528,0.4495487365255799
normal,1000,529,0.4903385851132797
normal,1000,530,0.1327309128158598
normal,1000,531,0.4578465858977989
normal,1000,532,0.4499081587527453
normal,1000,533,0.5990700051160035
normal,1000,534,0.5241281415173276
normal,1000,535,0.3837502528303399
normal,1000,536,0.4426022670779505
normal,1000,537,0.499242576166568
normal,1000,538,0.2411077541609175
normal,1000,539,0.4935332700348686
normal,1000,540,0.4419606715884838
normal,1000,541,0.1932646806215502
normal,1000,542,0.1893202111389525
normal,1000,543,0.4055195995941844
normal,1000,544,0.2788626415115793
normal,1000,545,0.4261690362880938
normal,1000,546,0.2989950315506256
normal,1000,547,0.2141900445802334
normal,1000,548,0.1827725219178722
normal,1000,549,0.1620226191172879
normal,1000,550,0.4410113773419761
normal,1000,551,0.2497964912086989
normal,1000,552,0.4331867661730457
normal,1000,553,0.3918917838977506
normal,1000,554,0.4336973765649604
normal,1000,555,0.457821832474578
normal,1000,556,0.4394903284194501
normal,1000,557,0.2640325774825386
normal,1000,558,0.3999182946077722
normal,1000,559,0.234713207278772
normal,1000,560,0.4539335174094963
normal,1000,561,0.4402255393883231
normal,1000,562,0.2181941661480719
normal,1000,563,0.4446620700881794
normal,1000,564,0.4293249901182388
normal,1000,565,0.4362988374719416
normal,1000,566,0.40947501728494
normal,1000,567,0.4458805673583794
normal,1000,568,0.1327309128158598
normal,1000,569,0.1553728191685179
normal,1000,570,0.1749662645178652
normal,1000,571,0.4886066601336213
normal,1000,572,0.4330170116098339
normal,1000,573,0.1688017872962521
normal,1000,574,0.2829337949089847
normal,1000,575,0.4609106298174821
normal,1000,576,0.24473206049794
normal,1000,577,0.2314429049126718
normal,1000,578,0.4410418723186701
normal,1000,579,0.0915863625207323
normal,1000,580,0.4836173195979346
normal,1000,581,0.5144994811283327
normal,1000,582,0.4233400874202689
normal,1000,583,0.4744222906406835
normal,1000,584,0.4486919671517141
normal,1000,585,0.4582598780833728
normal,1000,586,0.4400505846045131
normal,1000,587,0.4192550923141707
normal,1000,588,0.5322545744313797
normal,1000,589,0.5037717193392035
normal,1000,590,0.0959370201761667
normal,1000,591,0.1794070735032183
normal,1000,592,0.1356749460325352
normal,1000,593,0.4101618305357845
normal,1000,594,0.4347367267645344
normal,1000,595,0.5496398943155704
normal,1000,596,0.4409343044170368
normal,1000,597,0.5408891411422581
normal,1000,598,0.465482528145801
normal,1000,599,0.1972355401864066
normal,2000,240,0.4336665255722749
normal,2000,241,0.2671632268094531
normal,2000,242,0.1439747187399192
normal,2000,243,0.4437055182444947
normal,2000,244,0.5613206472786679
normal,2000,245,0.4181388474151588
normal,2000,246,0.4441039695990246
normal,2000,247,0.1577780688613943
normal,2000,248,0.4536711986350838
normal,2000,249,0.4580110182484044
normal,2000,250,0.3395256956405924
normal,2000,251,0.4022719497058309
normal,2000,252,0.5199031871603632
normal,2000,253,0.0963863625207323
normal,2000,254,0.4552813795993466
normal,2000,255,0.4079829353723997
normal,2000,256,0.4361728565751015
normal,2000,257,0.4393418399794574
normal,2000,258,0.5096721667542025
normal,2000,259,0.4444990103152682
normal,2000,260,0.1530709580013591
normal,2000,261,0.4393611684395421
normal,2000,262,0.4387506270889936
normal,2000,263,0.5219535119338645
normal,2000,264,0.4232351086111801
normal,2000,265,0.4327646558527844
normal,2000,266,0.4135871698394664
normal,2000,267,0.2140586036181677
normal,2000,268,0.4974879873983981
normal,2000,269,0.4400581367075024
normal,2000,270,0.5249804687887115
normal,2000,271,0.437457994996982
normal,2000,272,0.1503955182814295
normal,2000,273,0.3448256845666858
normal,2000,274,0.1503955182814295
normal,2000,275,0.4208859925987676
normal,2000,276,0.2558319709892513
normal,2000,277,0.5082595169006839
normal,2000,278,0.4691974070150674
normal,2000,279,0.3892494914815387
normal,2000,280,0.4543793969706738
normal,2000,281,0.4239323601461186
normal,2000,282,0.475807107936887
normal,2000,283,0.5106421952483987
normal,2000,284,0.5541017107851672
normal,2000,285,0.5306282197490985
normal,2000,286,0.4342102161618074
normal,2000,287,0.4351266107802856
normal,2000,288,0.4703674669541926
normal,2000,289,0.4644506359642324
normal,2000,290,0.1507127685125524
normal,2000,291,0.2537835501772714
normal,2000,292,0.4232146700732749
normal,2000,293,0.2792319316261061
normal,2000,294,0.3474041723548652
normal,2000,295,0.467026714521471
normal,2000,296,0.413286499305382
normal,2000,297,0.4821720358755359
normal,2000,298,0.3619926828433795
normal,2000,299,0.4958936375682882
normal,2000,300,0.1530709580013591
normal,2000,301,0.4016042170878682
normal,2000,302,0.1530709580013591
normal,2000,303,0.1956646806215502
normal,2000,304,0.1530709580013591
normal,2000,305,0.534492242890945
normal,2000,306,0.4347177988252161
normal,2000,307,0.4571637614890404
normal,2000,308,0.4423398182631432
normal,2000,309,0.4101571360085758
normal,2000,310,0.410421695888109
normal,2000,311,0.4360919831255658
normal,2000,312,0.4389673877599353
normal,2000,313,0.5760128001770014
normal,2000,314,0.4464317485673344
normal,2000,315,0.3596866763382243
normal,2000,316,0.4401437996015571
normal,2000,317,0.4389762961757704
normal,2000,318,0.1153649542281699
normal,2000,319,0.4635156707298254
normal,2000,320,0.4426201884142705
normal,2000,321,0.1572226191172879
normal,2000,322,0.4850822625409281
normal,2000,323,0.1949370748574517
normal,2000,324,0.4697971239543952
normal,2000,325,0.0969463033836818
normal,2000,326,0.1153649542281699
normal,2000,327,0.4793699635599977
normal,2000,328,0.46819756883238
normal,2000,329,0.4440645191012905
normal,2000,330,0.4488560708769489
normal,2000,331,0.4721527358106746
normal,2000,332,0.4316876422929709
normal,2000,333,0.0992754487805559
normal,2000,334,0.3576797973587605
normal,2000,335,0.4693215893767652
normal,2000,336,0.5413340601251427
normal,2000,337,0.4508551166915352
normal,2000,338,0.3973114661467477
normal,2000,339,0.4073613236374539
normal,2000,340,0.433135956887311
normal,2000,341,0.5549198664669924
normal,2000,342,0.3041131352374721
normal,2000,343,0.3648486141951296
normal,2000,344,0.4304973792885949
normal,2000,345,0.4561579878530202
normal,2000,346,0.4856290300096265
normal,2000,347,0.4118523497374127
normal,2000,348,0.2524510104768205
normal,2000,349,0.4298006597209996
normal,2000,350,0.2077710083881415
normal,2000,351,0.4139347397953837
normal,2000,352,0.1711703286435408
normal,2000,353,0.4263173321726995
normal,2000,354,0.4188828646960861
normal,2000,355,0.5521294996518598
normal,2000,356,0.4480659118583066
normal,2000,357,0.4555036921945405
normal,2000,358,0.4420845457882429
normal,2000,359,0.5369032484077699
normal,2000,360,0.1507127685125524
normal,2000,361,0.441990562971025
normal,2000,362,0.4689092913253715
normal,2000,363,0.5086222066954905
normal,2000,364,0.4613423897890668
normal,2000,365,0.3610823181783643
normal,2000,366,0.4348476633105087
normal,2000,367,0.0994381463005149
normal,2000,368,0.2806312255175706
normal,2000,369,0.4724021900285417
normal,2000,370,0.4209153674068651
normal,2000,371,0.4264951894267425
normal,2000,372,0.5230711570139904
normal,2000,373,0.4484281224470786
normal,2000,374,0.4885777063858434
normal,2000,375,0.4673589963715395
normal,2000,376,0.4537837562769009
normal,2000,377,0.1851905342680298
normal,2000,378,0.1530709580013591
normal,2000,379,0.1630747193662847
normal,2000,380,0.4479901149289841
normal,2000,381,0.5040474436918124
normal,2000,382,0.2207214121559314
normal,2000,383,0.412562706780901
normal,2000,384,0.429139466445245
normal,2000,385,0.530198390406856
normal,2000,386,0.5378310194921104
normal,2000,387,0.4985958400245331
normal,2000,388,0.4669133657629514
normal,2000,389,0.3502148894611407
normal,2000,390,0.2033733883857318
normal,2000,391,0.1017166389293176
normal,2000,392,0.4283913264771514
normal,2000,393,0.0969426315784916
normal,2000,394,0.1598241430502615
normal,2000,395,0.3876912747192737
normal,2000,396,0.4304676049587777
normal,2000,397,0.1665175134665329
normal,2000,398,0.4622812277221377
normal,2000,399,0.1735482108261805
normal,2000,400,0.4233435393081405
normal,2000,401,0.1783430472881819
normal,2000,402,0.4446462194057648
normal,2000,403,0.1971223590475917
normal,2000,404,0.4867368829201383
normal,2000,405,0.4167547300757738
normal,2000,406,0.4365766289055233
normal,2000,407,0.4857940089426268
normal,2000,408,0.4218372266271199
normal,2000,409,0.5512969089883019
normal,2000,410,0.4371928440903736
normal,2000,411,0.1838005824906504
normal,2000,412,0.4725429563111038
normal,2000,413,0.4867646280668815
normal,2000,414,0.1887345904461018
normal,2000,415,0.5415078557781384
normal,2000,416,0.1859225555003749
normal,2000,417,0.4874858365079789
normal,2000,418,0.4311886975637145
normal,2000,419,0.2036514833523926
normal,2000,420,0.4868434680259577
normal,2000,421,0.1896957327822057
normal,2000,422,0.4506345670609612
normal,2000,423,0.5131640651630198
normal,2000,424,0.4308593351948662
normal,2000,425,0.1781460299584567
normal,2000,426,0.4930717135222449
normal,2000,427,0.5248004106246146
normal,2000,428,0.4775461179129894
normal,2000,429,0.2054561050765885
normal,2000,430,0.4305220907716814
normal,2000,431,0.1668685423271918
normal,2000,432,0.1530709580013591
normal,2000,433,0.4918541193838929
normal,2000,434,0.384902024072236
normal,2000,435,0.4631478944437736
normal,2000,436,0.4525357457765726
normal,2000,437,0.4320289960509597
normal,2000,438,0.4142291382969701
normal,2000,439,0.3612140013170751
normal,2000,440,0.4521844189058438
normal,2000,441,0.4851266449738136
normal,2000,442,0.4449658598577969
normal,2000,443,0.4640843240973408
normal,2000,444,0.4231966057888519
normal,2000,445,0.1620226191172879
normal,2000,446,0.4410718033530616
normal,2000,447,0.4346689393042457
normal,2000,448,0.2534185398529528
normal,2000,449,0.3716976626837853
normal,2000,450,0.1463747187399192
normal,2000,451,0.4529106446097593
normal,2000,452,0.4220438279375992
normal,2000,453,0.4962921767550698
normal,2000,454,0.2205282765247481
normal,2000,455,0.4352672195809524
normal,2000,456,0.4462603760479453
normal,2000,457,0.4663407066552379
normal,2000,458,0.4100239947762336
normal,2000,459,0.4366098398947128
normal,2000,460,0.1351309128158598
normal,2000,461,0.4663111957478098
normal,2000,462,0.1530709580013591
normal,2000,463,0.4390467251211226
normal,2000,464,0.4228330113435368
normal,2000,465,0.4532268724536554
normal,2000,466,0.459700276342349
normal,2000,467,0.5677229753983755
normal,2000,468,0.4325235222800295
normal,2000,469,0.2009191337765439
normal,2000,470,0.2340504799204207
normal,2000,471,0.4263832162721589
normal,2000,472,0.4448272690666888
normal,2000,473,0.5496488250816285
normal,2000,474,0.219564018296485
normal,2000,475,0.2165900445802334
normal,2000,476,0.3999529332695891
normal,2000,477,0.4307901250154757
normal,2000,478,0.4380385489791199
normal,2000,479,0.0994381463005149
normal,2000,480,0.4508268077292888
normal,2000,481,0.3436638372062156
normal,2000,482,0.4214774803673345
normal,2000,483,0.4764727317400696
normal,2000,484,0.564160192459468
normal,2000,485,0.5696044021026221
normal,2000,486,0.4895693791999424
normal,2000,487,0.462975393138737
normal,2000,488,0.277380427419326
normal,2000,489,0.0926333913759428
normal,2000,490,0.4343449139628269
normal,2000,491,0.1707427360091555
normal,2000,492,0.4499967501434781
normal,2000,493,0.2303488704736912
normal,2000,494,0.3574024720505776
normal,2000,495,0.0915175718163569
normal,2000,496,0.4940953022583131
normal,2000,497,0.4249336458404989
normal,2000,498,0.4632319541245537
normal,2000,499,0.4180923956070689
normal,2000,500,0.4806665505376051
normal,2000,501,0.4369018169360632
normal,2000,502,0.4605539749212959
normal,2000,503,0.4218376021369344
normal,2000,504,0.4408883040742621
normal,2000,505,0.2720019133364709
normal,2000,506,0.5246796035135632
normal,2000,507,0.4336993867512109
normal,2000,508,0.4288398116444293
normal,2000,509,0.1783430472881819
normal,2000,510,0.2506500571297252
normal,2000,511,0.4249772960659578
normal,2000,512,0.4990293851604822
normal,2000,513,0.5044646451548321
normal,2000,514,0.4994783060270411
normal,2000,515,0.2743362653767426
normal,2000,516,0.1758874468611512
normal,2000,517,0.4272106610365409
normal,2000,518,0.5769272896086811
normal,2000,519,0.5163429746572477
normal,2000,520,0.5522820335276294
normal,2000,521,0.4265191095660653
normal,2000,522,0.4594233027757927
normal,2000,523,0.4250296290898895
normal,2000,524,0.4867356897628613
normal,2000,525,0.4302907826114197
normal,2000,526,0.4432134821172102
normal,2000,527,0.528391682806113
normal,2000,528,0.2665634863739934
normal,2000,529,0.5175345345984999
normal,2000,530,0.235098644999365
normal,2000,531,0.5803538331243351
normal,2000,532,0.5374921251135768
normal,2000,533,0.2423220908779045
normal,2000,534,0.4053212715911764
normal,2000,535,0.4786777432994773
normal,2000,536,0.4104581116031232
normal,2000,537,0.1783430472881819
normal,2000,538,0.2790093084476248
normal,2000,539,0.240833423887508
normal,2000,540,0.4987391202673094
normal,2000,541,0.4410652677231611
normal,2000,542,0.1530709580013591
normal,2000,543,0.1782984479006854
normal,2000,544,0.2354776386907095
normal,2000,545,0.4492020206239682
normal,2000,546,0.4404525017767103
normal,2000,547,0.4319987372182946
normal,2000,548,0.4364448065323237
normal,2000,549,0.5411786420380381
normal,2000,550,0.4669575886975796
normal,2000,551,0.4703259250204798
normal,2000,552,0.1530709580013591
normal,2000,553,0.459432389994178
normal,2000,554,0.5457828813363299
normal,2000,555,0.1848743735447592
normal,2000,556,0.2245031658321884
normal,2000,557,0.4701537968542856
normal,2000,558,0.4351748455330464
normal,2000,559,0.155369909287601
normal,2000,560,0.1968664815285152
normal,2000,561,0.4939419151006097
normal,2000,562,0.516467456536381
normal,2000,563,0.4840518100304178
normal,2000,564,0.4714556907119029
normal,2000,565,0.1627395264945652
normal,2000,566,0.4385401383435133
normal,2000,567,0.4601382877219772
normal,2000,568,0.4741234483248691
normal,2000,569,0.0993177582652513
normal,2000,570,0.4428503097371591
normal,2000,571,0.1737175134665329
normal,2000,572,0.3383870677943591
normal,2000,573,0.1582747193662847
normal,2000,574,0.190285285078888
normal,2000,575,0.4742242272044386
normal,2000,576,0.4220596757630149
normal,2000,577,0.5628798377274097
normal,2000,578,0.2245186159689288
normal,2000,579,0.0891175718163569
normal,2000,580,0.1806304850412767
normal,2000,581,0.4412989390068872
normal,2000,582,0.223260945108528
normal,2000,583,0.1601780688613943
normal,2000,584,0.4993213473404696
normal,2000,585,0.5153479792488675
normal,2000,586,0.4624101536962234
normal,2000,587,0.0993426315784916
normal,2000,588,0.1530709580013591
normal,2000,589,0.4558669717519709
normal,2000,590,0.4343249781262833
normal,2000,591,0.4588683278781536
normal,2000,592,0.1809573355760027
normal,2000,593,0.2267314543608449
normal,2000,594,0.4239418085628584
normal,2000,595,0.3599041303076474
normal,2000,596,0.4661917464083532
normal,2000,597,0.5389326705396689
normal,2000,598,0.4201067228847295
normal,2000,599,0.4387456224143752
normal,3000,240,0.4333339764712256
normal,3000,241,0.2275865672422311
normal,3000,242,0.45191388227376
normal,3000,243,0.4719095993299461
normal,3000,244,0.5021727336750886
normal,3000,245,0.4291293970351716
normal,3000,246,0.4072661255202281
normal,3000,247,0.2504086754605757
normal,3000,248,0.1626121688555223
normal,3000,249,0.1521236322991433
normal,3000,250,0.2036786418295159
normal,3000,251,0.3596525173425831
normal,3000,252,0.1530709580013591
normal,3000,253,0.4689581997639914
normal,3000,254,0.4443691087216793
normal,3000,255,0.1527443461501428
normal,3000,256,0.2319872235958562
normal,3000,257,0.4132814434008124
normal,3000,258,0.5155734109841664
normal,3000,259,0.1781460299584567
normal,3000,260,0.4601436868209772
normal,3000,261,0.4549519265489484
normal,3000,262,0.4462628764890821
normal,3000,263,0.532100265287753
normal,3000,264,0.4394100503019178
normal,3000,265,0.5627448129297237
normal,3000,266,0.1477541137614247
normal,3000,267,0.3510179089938053
normal,3000,268,0.4645869191892623
normal,3000,269,0.2242288537096077
normal,3000,270,0.5211834819838121
normal,3000,271,0.2033191337765439
normal,3000,272,0.467118764109375
normal,3000,273,0.4424913150113552
normal,3000,274,0.157870958001359
normal,3000,275,0.1757460299584567
normal,3000,276,0.4018612931973699
normal,3000,277,0.4482880656770457
normal,3000,278,0.4370145455039639
normal,3000,279,0.0968754487805559
normal,3000,280,0.3297412411696246
normal,3000,281,0.397331118699228
normal,3000,282,0.5094898672878768
normal,3000,283,0.1806984479006854
normal,3000,284,0.3792791784831129
normal,3000,285,0.3897428734941905
normal,3000,286,0.5460038139181416
normal,3000,287,0.4375885990987874
normal,3000,288,0.1992664815285152
normal,3000,289,0.2140828228837976
normal,3000,290,0.1351309128158598
normal,3000,291,0.4205367533651348
normal,3000,292,0.3797368162094361
normal,3000,293,0.1783430472881819
normal,3000,294,0.4212637915598325
normal,3000,295,0.5572981502575239
normal,3000,296,0.5675026744600163
normal,3000,297,0.4497898012640853
normal,3000,298,0.4529636445614612
normal,3000,299,0.5168235096520446
normal,3000,300,0.1758304850412767
normal,3000,301,0.448012977639991
normal,3000,302,0.4340184835386044
normal,3000,303,0.1487413303786525
normal,3000,304,0.4970597802332607
normal,3000,305,0.1407481291828661
normal,3000,306,0.4357830159442812
normal,3000,307,0.0939863625207323
normal,3000,308,0.4449265479503152
normal,3000,309,0.5650116723481149
normal,3000,310,0.4691332789673032
normal,3000,311,0.4629817771956189
normal,3000,312,0.3776664205469613
normal,3000,313,0.4988270850692999
normal,3000,314,0.1530709580013591
normal,3000,315,0.3518011315331344
normal,3000,316,0.4517105784065597
normal,3000,317,0.4676025160116746
normal,3000,318,0.4813076141535025
normal,3000,319,0.390843029458646
normal,3000,320,0.3960320021534526
normal,3000,321,0.4391667451368746
normal,3000,322,0.4375833640717347
normal,3000,323,0.4819666855736704
normal,3000,324,0.4802710171330461
normal,3000,325,0.4037838630419518
normal,3000,326,0.4392263469871698
normal,3000,327,0.4568936808989608
normal,3000,328,0.1351309128158598
normal,3000,329,0.2387506962406793
normal,3000,330,0.4402594208425973
normal,3000,331,0.3455936548502297
normal,3000,332,0.4404196614738334
normal,3000,333,0.4428883307394685
normal,3000,334,0.4649488710667009
normal,3000,335,0.4588019674077886
normal,3000,336,0.4824382857731328
normal,3000,337,0.5745051154766432
normal,3000,338,0.4481990925078535
normal,3000,339,0.4487941572024817
normal,3000,340,0.4301585084126891
normal,3000,341,0.1017477673547022
normal,3000,342,0.4462744130883778
normal,3000,343,0.4385389817768415
normal,3000,344,0.4535293804342712
normal,3000,345,0.0969463033836818
normal,3000,346,0.4405589016601708
normal,3000,347,0.5595128126672934
normal,3000,348,0.1572141352921132
normal,3000,349,0.5094692058389261
normal,3000,350,0.4511378090263995
normal,3000,351,0.0968893297913252
normal,3000,352,0.4342035217046289
normal,3000,353,0.4442726495539827
normal,3000,354,0.3872442985896479
normal,3000,355,0.4440629818190214
normal,3000,356,0.5089322053313394
normal,3000,357,0.5526759656278121
normal,3000,358,0.4691036218916599
normal,3000,359,0.4331959078314019
normal,3000,360,0.4285200285914608
normal,3000,361,0.3936718069187528
normal,3000,362,0.5137585726560232
normal,3000,363,0.1688017872962521
normal,3000,364,0.4207157158478717
normal,3000,365,0.3908987384986474
normal,3000,366,0.4711338166954139
normal,3000,367,0.5221761342728313
normal,3000,368,0.1554709580013591
normal,3000,369,0.4680811970949496
normal,3000,370,0.4527773045723874
normal,3000,371,0.4985852974396971
normal,3000,372,0.4415474528590717
normal,3000,373,0.4402695558506021
normal,3000,374,0.4300437807307065
normal,3000,375,0.3279047328440116
normal,3000,376,0.4350854122011689
normal,3000,377,0.4900478979129557
normal,3000,378,0.1530709580013591
normal,3000,379,0.5182087568916091
normal,3000,380,0.2464165290352127
normal,3000,381,0.4354260113064285
normal,3000,382,0.5375997327215613
normal,3000,383,0.4727184291863929
normal,3000,384,0.574634230393824
normal,3000,385,0.3194763563736471
normal,3000,386,0.4378256770981057
normal,3000,387,0.0915863625207323
normal,3000,388,0.4688938410289935
normal,3000,389,0.276666726921483
normal,3000,390,0.4357264449766557
normal,3000,391,0.4082818758696242
normal,3000,392,0.5035151115936887
normal,3000,393,0.5231078886672538
normal,3000,394,0.3025450251002845
normal,3000,395,0.5155122697259517
normal,3000,396,0.4629902745695637
normal,3000,397,0.4760914373530388
normal,3000,398,0.0952220118943797
normal,3000,399,0.4618396505210134
normal,3000,400,0.1177649542281699
normal,3000,401,0.4560902692928788
normal,3000,402,0.3333069163375461
normal,3000,403,0.2241776704236433
normal,3000,404,0.4546288421032916
normal,3000,405,0.5469059741502845
normal,3000,406,0.5035164350395326
normal,3000,407,0.5363868317784357
normal,3000,408,0.4405687169762558
normal,3000,409,0.4406829377851429
normal,3000,410,0.4249941562671244
normal,3000,411,0.4107156245720331
normal,3000,412,0.4425271083393279
normal,3000,413,0.4115146867025085
normal,3000,414,0.4703633277338465
normal,3000,415,0.1017166389293176
normal,3000,416,0.4740958392865352
normal,3000,417,0.4437458271340404
normal,3000,418,0.4369490006848729
normal,3000,419,0.2766163802162257
normal,3000,420,0.4630362407951621
normal,3000,421,0.5333590790563955
normal,3000,422,0.4562018693542937
normal,3000,423,0.4428010022435124
normal,3000,424,0.5765117536927781
normal,3000,425,0.4538382295410015
normal,3000,426,0.4377376718542626
normal,3000,427,0.1782984479006854
normal,3000,428,0.4332348454518344
normal,3000,429,0.4495579182248148
normal,3000,430,0.4538355027568324
normal,3000,431,0.4400633009775672
normal,3000,432,0.1530709580013591
normal,3000,433,0.473790161655243
normal,3000,434,0.1351309128158598
normal,3000,435,0.5345011573822331
normal,3000,436,0.2228562241366131
normal,3000,437,0.4558932051137522
normal,3000,438,0.4408526107046785
normal,3000,439,0.4572451825494662
normal,3000,440,0.5074204910811605
normal,3000,441,0.4381151237356178
normal,3000,442,0.4310684343884028
normal,3000,443,0.4703948653695542
normal,3000,444,0.4630254696722698
normal,3000,445,0.4197422803422012
normal,3000,446,0.4320034202949478
normal,3000,447,0.0939863625207323
normal,3000,448,0.4374283066112615
normal,3000,449,0.4280159260317085
normal,3000,450,0.4786332313595504
normal,3000,451,0.1729903907750506
normal,3000,452,0.223260945108528
normal,3000,453,0.5302620110180633
normal,3000,454,0.4387124093162877
normal,3000,455,0.1712017872962521
normal,3000,456,0.4353524021709088
normal,3000,457,0.4647869680423794
normal,3000,458,0.4506488609968002
normal,3000,459,0.4463651669502649
normal,3000,460,0.4201204320410391
normal,3000,461,0.4222107599126856
normal,3000,462,0.5346678969477928
normal,3000,463,0.2200364857981363
normal,3000,464,0.3667184959331379
normal,3000,465,0.4705321178201542
normal,3000,466,0.4495837176269301
normal,3000,467,0.4639887276440685
normal,3000,468,0.3772806782740024
normal,3000,469,0.4431578034459406
normal,3000,470,0.4439263190013229
normal,3000,471,0.4481089741642588
normal,3000,472,0.4204294607108777
normal,3000,473,0.4353070453192506
normal,3000,474,0.4860554261804763
normal,3000,475,0.5468188632560577
normal,3000,476,0.4882547817514075
normal,3000,477,0.1559413303786525
normal,3000,478,0.4365369235558431
normal,3000,479,0.2976883694893938
normal,3000,480,0.2210537114627727
normal,3000,481,0.5286060894593546
normal,3000,482,0.1548141352921132
normal,3000,483,0.5155838211908019
normal,3000,484,0.5090537408282987
normal,3000,485,0.1733460299584567
normal,3000,486,0.4906464650670526
normal,3000,487,0.5439846126197434
normal,3000,488,0.3083629210665175
normal,3000,489,0.3596608264111092
normal,3000,490,0.1806304850412767
normal,3000,491,0.2340575790476852
normal,3000,492,0.3389825562616571
normal,3000,493,0.4386550897278633
normal,3000,494,0.190285285078888
normal,3000,495,0.0926333913759428
normal,3000,496,0.4488102756762195
normal,3000,497,0.4390371016434533
normal,3000,498,0.3938665614674997
normal,3000,499,0.5361296191925613
normal,3000,500,0.4349745026096557
normal,3000,501,0.4474662458927032
normal,3000,502,0.4231663230752633
normal,3000,503,0.3718711680388775
normal,3000,504,0.1502130866335939
normal,3000,505,0.3550824086586988
normal,3000,506,0.4373575319860481
normal,3000,507,0.4504313857897482
normal,3000,508,0.4287939403208766
normal,3000,509,0.3854364263248606
normal,3000,510,0.4410994127236446
normal,3000,511,0.2160836575954274
normal,3000,512,0.4832408757315981
normal,3000,513,0.5552335808396394
normal,3000,514,0.421756754657251
normal,3000,515,0.458229289791509
normal,3000,516,0.1571961872166764
normal,3000,517,0.4964275592847471
normal,3000,518,0.4382807693214046
normal,3000,519,0.4839699022238559
normal,3000,520,0.4341914997232351
normal,3000,521,0.4400662838875736
normal,3000,522,0.4491445995098501
normal,3000,523,0.5409889232268645
normal,3000,524,0.4419597561501857
normal,3000,525,0.5618959877858274
normal,3000,526,0.4316626823957445
normal,3000,527,0.4330826945538005
normal,3000,528,0.4354740156909258
normal,3000,529,0.4261162835177207
normal,3000,530,0.1905842294840006
normal,3000,531,0.4374011422405107
normal,3000,532,0.2401063036169477
normal,3000,533,0.1807063643661962
normal,3000,534,0.5026376486069831
normal,3000,535,0.4424308047762502
normal,3000,536,0.1530709580013591
normal,3000,537,0.4129802107731633
normal,3000,538,0.4479335449090092
normal,3000,539,0.4270375760235815
normal,3000,540,0.4362111892874556
normal,3000,541,0.4177898629400037
normal,3000,542,0.4345801020328425
normal,3000,543,0.406106438617628
normal,3000,544,0.4099653279809422
normal,3000,545,0.4528086879508942
normal,3000,546,0.1327309128158598
normal,3000,547,0.548609933989881
normal,3000,548,0.4239024920234748
normal,3000,549,0.399023408826056
normal,3000,550,0.4318457729801866
normal,3000,551,0.4754902878514045
normal,3000,552,0.4341022642934344
normal,3000,553,0.1910493203190866
normal,3000,554,0.2255972708053412
normal,3000,555,0.3284821338770743
normal,3000,556,0.4730573149738868
normal,3000,557,0.2196061507986323
normal,3000,558,0.1710461025491118
normal,3000,559,0.4663994111279203
normal,3000,560,0.4275649594495082
normal,3000,561,0.4464848590852089
normal,3000,562,0.4391281843495253
normal,3000,563,0.2315852946092497
normal,3000,564,0.5409704548363218
normal,3000,565,0.4337811999693782
normal,3000,566,0.2107248301325173
normal,3000,567,0.5429477874532955
normal,3000,568,0.4253505764875294
normal,3000,569,0.5293656908156988
normal,3000,570,0.2060786418295158
normal,3000,571,0.1689175134665329
normal,3000,572,0.4323511417987184
normal,3000,573,0.4478417097186164
normal,3000,574,0.4592254174290582
normal,3000,575,0.4274233318143574
normal,3000,576,0.4355535142782046
normal,3000,577,0.5194428486244752
normal,3000,578,0.4531732500417679
normal,3000,579,0.0968754487805559
normal,3000,580,0.1327309128158598
normal,3000,581,0.452645550427546
normal,3000,582,0.4380767004576477
normal,3000,583,0.2196061507986323
normal,3000,584,0.4642110005671533
normal,3000,585,0.2232709200018267
normal,3000,586,0.4630711253495264
normal,3000,587,0.3280345569733779
normal,3000,588,0.153315896391917
normal,3000,589,0.400559457126275
normal,3000,590,0.4466195256459072
normal,3000,591,0.5899655112362594
normal,3000,592,0.4348270948952487
normal,3000,593,0.4428565282139312
normal,3000,594,0.3735475003856188
normal,3000,595,0.0915863625207323
normal,3000,596,0.4277206708619357
normal,3000,597,0.4446049087931884
normal,3000,598,0.4711588624294012
normal,3000,599,0.3397815054163246
